nombre,apellido,fecha_nacimiento,direccion,telefono,correo
Pedro,Torres,1965-12-25,5ta Calle 62 Zona 14 Quetzaltenango,+502 7655792,pedro.torres1@outlook.com
Isabel,Flores,1963-03-22,6ta Avenida 147 Zona 5 Amatitlan,+502 8099570,isabel.flores2@outlook.com
Carlos,Rojas,1984-04-15,6ta Avenida 279 Zona 4 Petapa,+502 3504647,carlos.rojas3@outlook.com
Teresa,Mendez,1976-04-16,5ta Calle 165 Zona 14 Amatitlan,+502 1913647,teresa.mendez4@outlook.com
Pedro,Garcia,1977-06-30,8va Avenida 180 Zona 8 Jutiapa,+502 9465626,pedro.garcia5@miempresa.com.gt
Adriana,Lopez,1983-07-10,Avenida Reforma 80 Zona 2 Jutiapa,+502 6763075,adriana.lopez6@outlook.com
Hugo,Perez,1960-11-14,Calzada San Juan 150 Zona 3 Amatitlan,+502 7655394,hugo.perez7@gmail.com
Laura,Lopez,1987-12-04,Avenida Reforma 286 Zona 10 Petapa,+502 7576562,laura.lopez8@miempresa.com.gt
Isabel,Moreno,1976-07-03,Avenida Reforma 40 Zona 6 Chinautla,+502 0081378,isabel.moreno9@yahoo.com
Maria,Ramirez,1967-04-14,6ta Avenida 83 Zona 9 Mixco,+502 8428716,maria.ramirez10@hotmail.com
Adriana,Rojas,1965-12-18,Calzada Roosevelt 266 Zona 10 Escuintla,+502 7133406,adriana.rojas11@yahoo.com
Ricardo,Moreno,1991-06-05,Avenida Reforma 62 Zona 9 Escuintla,+502 2210536,ricardo.moreno12@outlook.com
Sofia,Martinez,1991-04-19,6ta Avenida 297 Zona 1 San Juan Sacatepequez,+502 9953351,sofia.martinez13@hotmail.com
Maria,Rojas,1969-06-06,Ruta 3 266 Zona 12 Mixco,+502 9943563,maria.rojas14@hotmail.com
Miguel,Castro,1986-09-20,8va Avenida 253 Zona 8 Jutiapa,+502 4648697,miguel.castro15@outlook.com
Isabel,Diaz,1980-12-14,Ruta 3 164 Zona 2 Jutiapa,+502 9632991,isabel.diaz16@gmail.com
Hugo,Rojas,1960-05-09,5ta Calle 44 Zona 8 San Juan Sacatepequez,+502 1185648,hugo.rojas17@gmail.com
Miguel,Castro,1965-10-24,6ta Avenida 122 Zona 13 Villa Nueva,+502 9559406,miguel.castro18@hotmail.com
Luis,Diaz,1993-12-28,Calzada Roosevelt 20 Zona 1 Villa Canales,+502 3893072,luis.diaz19@gmail.com
Miguel,Hernandez,1969-06-30,6ta Avenida 185 Zona 3 Jutiapa,+502 1469562,miguel.hernandez20@outlook.com
Ricardo,Torres,1993-04-28,8va Avenida 7 Zona 2 Villa Nueva,+502 3336214,ricardo.torres21@miempresa.com.gt
Laura,Martinez,1964-03-10,Avenida Reforma 200 Zona 1 Mixco,+502 0481116,laura.martinez22@hotmail.com
Francisco,Lopez,1988-04-14,Ruta 3 36 Zona 1 Petapa,+502 3378135,francisco.lopez23@hotmail.com
Isabel,Torres,1979-06-07,Avenida Reforma 117 Zona 13 Villa Nueva,+502 1497487,isabel.torres24@hotmail.com
Isabel,Chavez,1973-12-27,Calzada San Juan 159 Zona 6 Escuintla,+502 3905702,isabel.chavez25@hotmail.com
Carlos,Chavez,1988-01-23,Calzada Roosevelt 139 Zona 10 Amatitlan,+502 5418503,carlos.chavez26@miempresa.com.gt
Isabel,Lopez,1990-06-12,Boulevard Los Proceres 29 Zona 7 San Juan Sacatepequez,+502 5383312,isabel.lopez27@yahoo.com
Isabel,Garcia,1978-12-21,Avenida Reforma 31 Zona 8 Guatemala,+502 1874409,isabel.garcia28@yahoo.com
Ana,Sanchez,1976-12-28,Ruta 3 197 Zona 7 Guatemala,+502 1372952,ana.sanchez29@outlook.com
Laura,Alvarez,1984-01-29,6ta Avenida 107 Zona 1 Chimaltenango,+502 9405337,laura.alvarez30@yahoo.com
Jose,Rodriguez,1986-10-07,7ma Calle 144 Zona 4 Jutiapa,+502 7506116,jose.rodriguez31@yahoo.com
Francisco,Perez,1963-10-11,7ma Calle 249 Zona 8 Amatitlan,+502 0384179,francisco.perez32@outlook.com
Carmen,Gonzalez,1975-09-09,Ruta 3 281 Zona 11 Amatitlan,+502 7997321,carmen.gonzalez33@outlook.com
Ricardo,Rojas,1976-04-03,6ta Avenida 30 Zona 5 Chinautla,+502 8242271,ricardo.rojas34@hotmail.com
Hugo,Martinez,1967-07-23,6ta Avenida 150 Zona 15 Chimaltenango,+502 9756862,hugo.martinez35@hotmail.com
Adriana,Castro,1982-08-13,6ta Avenida 209 Zona 11 Amatitlan,+502 1965527,adriana.castro36@hotmail.com
Carlos,Diaz,1984-01-04,Ruta 3 228 Zona 7 Escuintla,+502 4604832,carlos.diaz37@outlook.com
Elena,Torres,1990-01-24,5ta Calle 243 Zona 4 Chimaltenango,+502 0971370,elena.torres38@outlook.com
Elena,Moreno,1983-07-10,Calzada Roosevelt 239 Zona 5 Guatemala,+502 8932419,elena.moreno39@yahoo.com
Hugo,Romero,1968-10-18,5ta Calle 264 Zona 4 Amatitlan,+502 4450020,hugo.romero40@hotmail.com
Juan,Vasquez,1992-09-06,Avenida Las Americas 196 Zona 3 Mixco,+502 6973425,juan.vasquez41@hotmail.com
Isabel,Garcia,1991-05-02,Avenida Las Americas 218 Zona 12 San Juan Sacatepequez,+502 8765850,isabel.garcia42@yahoo.com
Luis,Sanchez,1978-03-23,Boulevard Los Proceres 2 Zona 12 San Juan Sacatepequez,+502 2161670,luis.sanchez43@gmail.com
Sofia,Rodriguez,1982-07-10,Avenida Las Americas 8 Zona 5 Escuintla,+502 5265574,sofia.rodriguez44@outlook.com
Ana,Moreno,1980-05-17,Avenida Reforma 103 Zona 14 Villa Nueva,+502 5921309,ana.moreno45@yahoo.com
Maria,Chavez,1971-06-21,Avenida Reforma 5 Zona 4 Chinautla,+502 0861286,maria.chavez46@hotmail.com
Francisco,Flores,1971-06-29,Calzada San Juan 280 Zona 15 Mixco,+502 4413386,francisco.flores47@miempresa.com.gt
Isabel,Ramirez,1978-08-16,Ruta 3 87 Zona 7 Chinautla,+502 3582983,isabel.ramirez48@hotmail.com
Francisco,Hernandez,1974-10-20,8va Avenida 79 Zona 4 Chinautla,+502 8544031,francisco.hernandez49@gmail.com
Isabel,Martinez,1967-08-24,8va Avenida 83 Zona 8 Mixco,+502 4448611,isabel.martinez50@hotmail.com